stock_ticker,price_change,recommendation_id,previous_close,latest_close,sentiment_summary,timestamp,experiment_day
MSFT,2.0912257372843706,qOvYffHvXDI863mBMIl9,359.1199951171875,366.6300048828125,"{'negative': 348.4184000000003, 'neutral': 354.7511000000003, 'positive': 444.1918000000008}",2025-04-22T21:55:59.790231,90
TSLA,2.43835913717656,s8fpKD4smt9ha0wg629Y,328.5,336.510009765625,"{'negative': 63.781499999999994, 'neutral': 74.42380000000001, 'positive': 53.595600000000005}",2025-02-13T00:28:23.435032,14
NVDA,0.8548384878192927,teGEMVrvJp8WC0htUiAW,128.67999267578125,129.77999877929688,"{'negative': 40.292500000000004, 'neutral': 41.754200000000004, 'positive': 57.19890000000001}",2025-02-07T21:55:53.579655,8
NVDA,3.361261669390198,RfvOHWw1hZbpmnbaMTxY,94.30999755859375,97.4800033569336,"{'negative': 316.5322000000003, 'neutral': 300.0573, 'positive': 316.5702999999999}",2025-04-07T21:56:26.543773,75
AAPL,1.7850126846508596,wHpyLBi59OxwySMuBMmf,228.00999450683594,232.0800018310547,"{'negative': 17.1658, 'neutral': 15.251700000000001, 'positive': 21.8113}",2025-02-04T17:51:13.553717,5
NVO,-0.35176150828737096,QYDtxQlgelWW8s749dJ0,89.55000305175781,89.23500061035156,"{'negative': 125.1728, 'neutral': 234.2437999999996, 'positive': 73.96269999999998}",2025-02-27T21:56:19.382706,36
TSLA,1.8214714280444928,FkwpUsmqqHkoRgRFPqc5,354.1099853515625,360.55999755859375,"{'negative': 134.29760000000002, 'neutral': 141.70229999999995, 'positive': 100.11830000000003}",2025-02-20T09:06:28.434136,29
MSFT,-1.174107060033724,ao2WvZu8IbQPJyfGGEHn,383.2699890136719,378.7699890136719,"{'negative': 195.87410000000003, 'neutral': 184.4492, 'positive': 268.31010000000003}",2025-03-13T21:56:46.026318,50
MSFT,-3.347535773561868,tRZ4WTuugNCFxjmqQixz,373.1099853515625,360.6199951171875,"{'negative': 287.1404000000002, 'neutral': 281.2369000000001, 'positive': 365.23720000000037}",2025-04-04T21:56:08.763369,72
MSFT,-3.343417146299552,dnJ9sILjYmOFfvgm4C2M,393.30999755859375,380.1600036621094,"{'negative': 177.9519, 'neutral': 168.01840000000004, 'positive': 248.60539999999997}",2025-03-10T21:55:53.361901,47
NVDA,0.0,RNXaNRxBrU6CIGoYfdvk,,,"{'negative': 89.7263, 'neutral': 80.54819999999995, 'positive': 109.71060000000001}",2025-02-19T11:36:00.188333,20
TSLA,7.5938912168391175,ya3Tr1khyDJUYRxX84ry,230.5800018310547,248.08999633789062,"{'negative': 243.32479999999998, 'neutral': 274.90169999999983, 'positive': 139.0191}",2025-03-12T21:55:43.095269,49
TSLA,-3.9630120487999068,WiRzcILEU7FX1X7qAlX4,302.79998779296875,290.79998779296875,"{'negative': 171.44529999999997, 'neutral': 187.33589999999998, 'positive': 122.05060000000003}",2025-02-27T09:41:08.889796,36
NVDA,-5.7419837310387205,5zUl4CfRp8MlKkIMo5zc,120.69000244140625,113.76000213623047,"{'negative': 248.93990000000002, 'neutral': 250.3534999999998, 'positive': 289.90129999999994}",2025-03-27T07:13:45.245664,64
AAPL,-1.4370093464409202,rAR43XC1jWcexA2C1JA5,247.0399932861328,243.49000549316406,"{'negative': 136.75560000000002, 'neutral': 160.2614000000001, 'positive': 149.2915}",2025-02-26T18:03:57.920368,35
NVO,-1.0639599371248962,mbqZGRzFxf7HkzfAjxdd,78.94999694824219,78.11000061035156,"{'negative': 156.00890000000004, 'neutral': 315.9729, 'positive': 94.60659999999994}",2025-03-11T21:56:17.708413,48
AAPL,0.7979731358401163,6MSpCTCesswImayap3hj,209.27999877929688,210.9499969482422,"{'negative': 430.0109000000003, 'neutral': 427.72670000000073, 'positive': 354.61310000000003}",2025-04-28T21:55:59.702008,90
MSFT,0.0,a9EMdVQcPatc2KM7RqY1,,,"{'negative': 81.76599999999998, 'neutral': 88.89689999999999, 'positive': 116.78679999999996}",2025-02-19T11:35:51.855959,20
NVDA,-1.2500027288872884,0oTdAxcDjwWgF30bXS4f,132.8000030517578,131.13999938964844,"{'negative': 61.45169999999999, 'neutral': 56.71540000000001, 'positive': 73.62970000000004}",2025-02-13T00:28:45.808733,14
NVO,1.5979221212620007,lNfvEWrFGHkigEnbhbXd,62.54999923706055,63.54949951171875,"{'negative': 249.43290000000007, 'neutral': 479.2208999999999, 'positive': 162.84259999999992}",2025-04-07T21:56:37.513850,75
NVO,0.61982917407866,T8Z41y1sEjGltMo47eIg,58.08000183105469,58.439998626708984,"{'negative': 290.4591000000002, 'neutral': 568.4290999999998, 'positive': 208.59749999999997}",2025-04-21T21:56:31.291679,89
NVDA,1.4225377672795856,mzdhKAqGWomicHOhjrk9,115.98999786376953,117.63999938964844,"{'negative': 171.55509999999995, 'neutral': 143.22469999999993, 'positive': 208.18869999999993}",2025-03-05T21:56:32.362294,42
MSFT,0.7412213736784072,vPXnx1KL3ae3kcFWdZxH,380.45001220703125,383.2699890136719,"{'negative': 191.07549999999998, 'neutral': 177.5714, 'positive': 262.00329999999997}",2025-03-12T21:56:02.999224,49
TSLA,-15.426206822195121,hi7bQN8oYwnCnxmT2NSS,262.6700134277344,222.14999389648438,"{'negative': 232.14509999999996, 'neutral': 251.3664999999999, 'positive': 138.3597}",2025-03-10T21:55:34.759657,47
MSFT,-3.016027237513698,833X9yl4JwVtoUy7VZZl,390.5799865722656,378.79998779296875,"{'negative': 249.87240000000006, 'neutral': 254.3548, 'positive': 339.6736000000003}",2025-03-28T21:55:56.690123,65
NVO,-3.6984979728795038,SgL6a20WsStQX8RmLcva,81.79000091552734,78.76499938964844,"{'negative': 72.20920000000001, 'neutral': 104.42860000000009, 'positive': 24.0849}",2025-02-13T21:56:32.129864,14
MSFT,0.45991885345940414,hTOV08LS8nLZ2A14GAWk,397.8999938964844,399.7300109863281,"{'negative': 130.8184999999999, 'neutral': 127.9013, 'positive': 190.65580000000008}",2025-02-27T09:41:25.822209,36
NVO,-3.177393652448621,pIAZiEiGKzUNwMucPASz,62.630001068115234,60.63999938964844,"{'negative': 296.7781000000003, 'neutral': 602.3236999999999, 'positive': 219.52429999999995}",2025-04-25T15:31:25.187785,90
MSFT,0.07628591701604621,DaGGkdTf8CkRPtw3VaFs,380.1600036621094,380.45001220703125,"{'negative': 186.46220000000002, 'neutral': 171.5986, 'positive': 255.14069999999995}",2025-03-11T21:56:00.304846,48
NVO,-0.19963812762384472,nd31CaQGVJzKvU7oQ2n0,82.6500015258789,82.48500061035156,"{'negative': 15.3121, 'neutral': 41.11609999999999, 'positive': 9.302}",2025-02-04T22:12:20.787993,5
TSLA,2.223206563315624,MXcMCMZudYkVyN41KYLH,383.67999267578125,392.2099914550781,"{'negative': 22.751199999999997, 'neutral': 28.225200000000005, 'positive': 17.6616}",2025-02-04T22:11:36.848733,5
NVDA,-7.529974842758605,TqRznWsgwTKBY6y0KOmj,110.41999816894531,102.10540008544922,"{'negative': 295.51390000000026, 'neutral': 290.94159999999994, 'positive': 310.6275}",2025-04-03T21:56:07.390917,71
NVO,5.807875115746555,1fW5N7SBxzF3CcGK4y1A,61.209999084472656,64.76499938964844,"{'negative': 264.65160000000014, 'neutral': 515.0765999999999, 'positive': 184.03719999999998}",2025-04-11T21:56:32.302168,79
AAPL,3.220128961885732,1ywkAL3VXxGQ4PnzVjaX,193.16000366210938,199.3800048828125,"{'negative': 407.77680000000015, 'neutral': 405.86490000000043, 'positive': 344.98890000000006}",2025-04-22T21:55:50.326301,90
TSLA,-5.182839960800735,n16giIRLqeKZZyIUvj4d,282.760009765625,268.1050109863281,"{'negative': 341.70639999999986, 'neutral': 409.0178000000004, 'positive': 184.28139999999993}",2025-04-03T21:55:37.547716,71
MSFT,0.40031854373556025,FRgUgJAkedpdNWrQ2LDn,410.9200134277344,412.56500244140625,"{'negative': 14.6452, 'neutral': 14.380200000000002, 'positive': 23.473399999999998}",2025-02-04T17:51:20.460810,5
MSFT,-1.0974695775527101,gclETq919WwNtE5qJ0Of,408.2099914550781,403.7300109863281,"{'negative': 110.63989999999994, 'neutral': 118.1492, 'positive': 167.76700000000008}",2025-02-24T21:55:54.780415,33
TSLA,3.7947369642956,g5pOhMy9bNayeqwP4hF3,222.14999389648438,230.5800018310547,"{'negative': 238.87049999999996, 'neutral': 262.00919999999985, 'positive': 138.3597}",2025-03-11T21:55:42.242534,48
NVO,3.764222351687373,AvSScXQi0tMApZgSqSeF,82.62000274658203,85.7300033569336,"{'negative': 21.4034, 'neutral': 50.034599999999976, 'positive': 9.8479}",2025-02-05T22:06:11.999745,6
NVDA,-5.417735031199864,rBWrQOawiPanO2x7V0Lv,117.30000305175781,110.94499969482422,"{'negative': 176.27839999999995, 'neutral': 148.22729999999999, 'positive': 216.2870999999999}",2025-03-06T21:56:05.191645,43
MSFT,-1.7912099330350923,6qEkdaWYl3zO10uMhvrH,399.7300109863281,392.57000732421875,"{'negative': 138.19989999999993, 'neutral': 132.49020000000004, 'positive': 197.08210000000008}",2025-02-27T21:56:01.750094,36
AAPL,-2.91893771512173,ksZDOZkEvt1MqCLtHt7s,227.47999572753906,220.83999633789062,"{'negative': 201.76719999999995, 'neutral': 221.40280000000007, 'positive': 203.2168000000001}",2025-03-11T21:55:51.356007,48
AAPL,-0.12726013606821263,8k35RY3IspxFeCn5JKaN,235.74000549316406,235.44000244140625,"{'negative': 179.6723, 'neutral': 205.0153000000001, 'positive': 186.4197000000001}",2025-03-06T21:55:46.728570,43
TSLA,0.39329829222258295,vzXYAHws4Lttvus9TYvQ,272.05999755859375,273.1300048828125,"{'negative': 303.54799999999994, 'neutral': 375.4792000000001, 'positive': 169.50759999999994}",2025-03-27T22:11:43.488011,64
NVDA,-5.06699703679712,cciRvW3vozcGAozC0jFh,112.69000244140625,106.9800033569336,"{'negative': 192.31489999999994, 'neutral': 158.8002, 'positive': 226.22709999999987}",2025-03-10T21:56:02.007634,47
MSFT,0.2231038724029679,DnLZNRPmMHj0PTgmiXVX,412.3699951171875,413.2900085449219,"{'negative': 28.3209, 'neutral': 30.933699999999998, 'positive': 47.3538}",2025-02-05T22:07:02.449655,6
MSFT,-0.9742342367600193,5yEO9mfvPFFAm2IJSCoV,378.79998779296875,375.1095886230469,"{'negative': 255.67290000000003, 'neutral': 259.56860000000006, 'positive': 346.52570000000037}",2025-03-31T21:56:00.450751,68
AAPL,-0.8633334816283614,h9pVCttG6GpJ2TBzmMXC,238.02999877929688,235.97500610351562,"{'negative': 169.23979999999997, 'neutral': 192.76960000000008, 'positive': 173.88550000000012}",2025-03-04T21:55:51.021047,41
AAPL,-2.3711511664317633,xNwv4XbSNvJ3qoSKG3g1,233.22000122070312,227.69000244140625,"{'negative': 50.261199999999995, 'neutral': 40.2174, 'positive': 51.909999999999975}",2025-02-07T21:55:38.839839,8
TSLA,-3.1024201611016298,e4UKVYpngGOK1jLUn85r,292.0299987792969,282.9700012207031,"{'negative': 454.43879999999996, 'neutral': 594.0429000000005, 'positive': 217.57609999999985}",2025-04-30T21:55:42.374578,90
TSLA,-2.1906436245994456,OJ3kWL6ubgi4wFJA3obQ,337.79998779296875,330.3999938964844,"{'negative': 158.40970000000002, 'neutral': 159.6333, 'positive': 112.96060000000001}",2025-02-24T21:55:37.886290,33
AAPL,0.0,QUpOwo0jezscp0LMfFx7,,,"{'negative': 87.9859, 'neutral': 95.64280000000001, 'positive': 83.54080000000002}",2025-02-19T09:29:48.866295,20
AAPL,-3.364366852013583,6AWMSD0KxC6iKHitTFJ6,216.97999572753906,209.67999267578125,"{'negative': 211.44229999999996, 'neutral': 238.01240000000016, 'positive': 213.16220000000007}",2025-03-13T21:56:37.338244,50
TSLA,-0.29607088371812856,EBqU3BZ6RRFVfGBhmvdO,263.45001220703125,262.6700134277344,"{'negative': 227.86629999999997, 'neutral': 239.13589999999996, 'positive': 137.763}",2025-03-08T00:16:17.480459,45
NVO,1.4707828060645474,BddRiI5a4DvJoy9xgsFF,74.79000091552734,75.88999938964844,"{'negative': 164.12290000000002, 'neutral': 332.7496999999999, 'positive': 102.86299999999993}",2025-03-13T21:57:03.051425,50
MSFT,-1.030646840300122,b85WGEJDP5w8F8IeDBdb,371.6099853515625,367.7799987792969,"{'negative': 336.64020000000033, 'neutral': 343.80170000000015, 'positive': 432.93990000000076}",2025-04-18T21:56:04.117032,86
TSLA,-1.7084545439925924,UwW45Ugzgiaufv1i06Kb,360.55999755859375,354.3999938964844,"{'negative': 141.10680000000002, 'neutral': 150.73339999999996, 'positive': 102.82050000000004}",2025-02-20T22:31:20.939023,29
NVDA,-0.12194991132607202,tmXzT8g2abHJdzuehz6b,139.39999389648438,139.22999572753906,"{'negative': 108.32399999999998, 'neutral': 89.64369999999992, 'positive': 135.45280000000002}",2025-02-20T09:06:52.164774,29
NVO,3.8885287630145946,BEUxrNtiKShjb3tEXN9r,77.1500015258789,80.1500015258789,"{'negative': 174.11780000000007, 'neutral': 350.72090000000003, 'positive': 109.59159999999993}",2025-03-17T21:56:15.234496,54
TSLA,0.0,2VHSMATKKSsmVs3iABAl,,,"{'negative': 108.4625, 'neutral': 111.75709999999997, 'positive': 81.95190000000002}",2025-02-19T11:39:07.751648,20
MSFT,1.0623426083872378,lrZP7wHwzvhSQBWuKn78,392.5299987792969,396.70001220703125,"{'negative': 139.81529999999998, 'neutral': 143.11620000000002, 'positive': 202.20630000000008}",2025-02-28T21:55:55.563330,37
AAPL,1.8270140526221608,M2Lbc1UVwJXqUa8lHLwh,232.6199951171875,236.8699951171875,"{'negative': 69.6506, 'neutral': 64.36219999999997, 'positive': 61.74839999999998}",2025-02-13T00:28:31.048709,14
MSFT,-1.3133926493846477,mviy8uHESbLgWLIzGQnM,395.1600036621094,389.9700012207031,"{'negative': 237.02130000000002, 'neutral': 243.42500000000004, 'positive': 327.5297000000003}",2025-03-27T07:13:36.341551,64
NVO,0.5928588683886544,m1Zzu5cKSjoXHWMNvtMi,82.6500015258789,83.13999938964844,"{'negative': 10.050899999999999, 'neutral': 31.127699999999997, 'positive': 8.7561}",2025-02-04T17:51:34.859345,5
MSFT,-0.2862531348034906,M1k8C1ZBre7c1m3MF4xb,412.2200012207031,411.0400085449219,"{'negative': 51.39939999999999, 'neutral': 55.5207, 'positive': 69.9117}",2025-02-11T21:56:19.650837,12
NVO,1.8770218984709506,9yekHE6rZQZnIY9HnSnc,64.7300033569336,65.94499969482422,"{'negative': 270.2175000000002, 'neutral': 523.4001999999999, 'positive': 188.0536}",2025-04-14T21:56:18.877567,82
AAPL,0.0,oaCcxtIKYkmKO8G1OSmf,,,"{'negative': 91.8597, 'neutral': 101.15690000000001, 'positive': 92.35180000000001}",2025-02-19T11:35:43.403895,20
TSLA,3.8640532386444755,kRZ7I4aLYGQoSpgTV04J,240.67999267578125,249.97999572753906,"{'negative': 250.30179999999996, 'neutral': 302.3135999999998, 'positive': 140.6341}",2025-03-14T21:56:19.753709,51
MSFT,-0.23169632791331107,DGNpYNGlcXO9mp5RBosI,388.45001220703125,387.54998779296875,"{'negative': 315.0393000000004, 'neutral': 311.7960000000002, 'positive': 414.0250000000006}",2025-04-14T21:56:00.584647,82
AAPL,0.0,HQ7cpbey08CT4kwrXWRw,227.6300048828125,227.6300048828125,"{'negative': 56.9038, 'neutral': 48.43739999999999, 'positive': 54.84139999999997}",2025-02-10T21:57:11.399523,11
MSFT,0.6000581716169029,y7BdczzhHGyX748oJbvh,413.2900085449219,415.7699890136719,"{'negative': 37.211600000000004, 'neutral': 34.3512, 'positive': 52.4921}",2025-02-06T21:55:53.640603,7
NVDA,-0.6329364091114512,3o6fve1tfVltRNp6tcWI,133.57000732421875,132.72459411621094,"{'negative': 54.6896, 'neutral': 51.48080000000001, 'positive': 67.61850000000004}",2025-02-11T21:56:26.947706,12
AAPL,0.3136327526256274,L5VUxXFgmvyRyYW3Lzdn,223.19000244140625,223.88999938964844,"{'negative': 310.3066000000001, 'neutral': 317.35800000000023, 'positive': 287.3340000000002}",2025-04-02T23:02:59.372068,70
NVO,-0.2658216259147547,b07QbPT5CHvjXSsfo46m,79.0,78.79000091552734,"{'negative': 187.15610000000004, 'neutral': 377.71830000000017, 'positive': 120.2461999999999}",2025-03-20T21:56:25.362339,57
MSFT,-0.9020174249067225,K5Kh6YVLyO1OoyHKw1QF,396.8900146484375,393.30999755859375,"{'negative': 172.15279999999998, 'neutral': 164.36970000000005, 'positive': 239.4135}",2025-03-08T00:16:35.216916,45
AAPL,-1.139959014064863,7HykXsmLo1AB6KM8TNOL,240.36000061035156,237.6199951171875,"{'negative': 152.14450000000002, 'neutral': 172.66860000000008, 'positive': 156.45360000000005}",2025-02-27T21:55:52.750002,36
TSLA,0.340125286877807,L4s6EOuW6OVSUjsE0o7Q,383.67999267578125,384.9849853515625,"{'negative': 16.4663, 'neutral': 20.3657, 'positive': 14.717499999999998}",2025-02-04T17:51:05.490197,5
NVO,-9.429851317389996,4EHoDyM2QyxlbpyNqx02,87.16999816894531,78.94999694824219,"{'negative': 151.95190000000002, 'neutral': 308.5106999999998, 'positive': 89.70349999999995}",2025-03-10T21:56:10.333186,47
NVDA,5.351873908519156,FdRUdFxdbA1sGW9FowH1,118.6500015258789,125.0,"{'negative': 21.662100000000002, 'neutral': 32.97860000000001, 'positive': 48.9108}",2025-02-05T22:07:09.482462,6
MSFT,-2.332547287295573,SZhwHkj3z04Pl9wNARA1,396.989990234375,387.7300109863281,"{'negative': 148.5409, 'neutral': 144.89160000000007, 'positive': 210.2898000000001}",2025-03-03T21:56:01.643375,40
MSFT,0.2231038724029679,Lh0kWpIDJBxB8qug7HsT,412.3699951171875,413.2900085449219,"{'negative': 23.627199999999995, 'neutral': 25.3573, 'positive': 39.338}",2025-02-05T22:05:57.546383,6
NVDA,-1.7588554465801285,21loYFcvWBhqqAWpoOsm,121.66999816894531,119.52999877929688,"{'negative': 217.9239, 'neutral': 201.86249999999993, 'positive': 248.5371999999998}",2025-03-17T21:56:06.472473,54
TSLA,-3.5797094243459178,QyS5f3MO8dByB2nBhUwd,392.2099914550781,378.1700134277344,"{'negative': 39.2826, 'neutral': 36.771800000000006, 'positive': 28.220600000000008}",2025-02-05T22:06:48.259424,6
NVDA,3.9993951415361093,n4Zccxt5qKS1WCD9YtTx,98.88999938964844,102.84500122070312,"{'negative': 390.1396000000003, 'neutral': 387.7979000000001, 'positive': 362.5720999999998}",2025-04-23T21:56:03.017967,90
AAPL,-0.7394737082000118,FwGOfdP4biYYNHzLJrF3,239.36000061035156,237.58999633789062,"{'negative': 7.588000000000001, 'neutral': 6.337, 'positive': 4.2443}",2025-01-31T12:08:35.893579,1
MSFT,-1.030646840300122,Q6rIxzKhoXYTHNtpxN50,371.6099853515625,367.7799987792969,"{'negative': 328.3092000000003, 'neutral': 337.40650000000016, 'positive': 429.1384000000008}",2025-04-17T22:05:54.533299,85
AAPL,-0.14175336199687208,T0ZB2GDRnrHFXNcuCV2o,232.8000030517578,232.47000122070312,"{'negative': 29.3903, 'neutral': 26.064799999999998, 'positive': 33.8307}",2025-02-05T22:05:50.103399,6
AAPL,-0.01481274869840317,jSnxnWVtJRqXJQ3Bd4Rh,202.52000427246094,202.49000549316406,"{'negative': 367.6651000000001, 'neutral': 375.3941000000005, 'positive': 327.6711000000002}",2025-04-15T21:55:51.114535,83
AAPL,1.5760480131362324,TXBorbmML7Yvz5mQkCSj,212.69000244140625,216.04209899902344,"{'negative': 236.91689999999986, 'neutral': 252.84640000000016, 'positive': 227.66530000000006}",2025-03-19T17:01:42.244410,56
AAPL,1.9476870855058042,uq8JFUSZKI2AWiJyMKaH,214.10000610351562,218.27000427246094,"{'negative': 259.70729999999986, 'neutral': 265.2095000000002, 'positive': 245.26280000000008}",2025-03-21T21:55:43.559665,58
NVO,-7.633586443265024,GzC4wrnIqQJahJ5b3lmC,62.880001068115234,58.08000183105469,"{'negative': 288.55220000000025, 'neutral': 556.8333999999999, 'positive': 205.20559999999998}",2025-04-18T21:56:23.322322,86
NVO,-2.4495497940721958,5iSAnLxPawn8AJvfaxVf,78.79000091552734,76.86000061035156,"{'negative': 191.98600000000005, 'neutral': 386.83430000000004, 'positive': 123.18469999999989}",2025-03-21T21:56:10.817349,58
AAPL,-7.138641029838709,IEHycb24n1nvw0pxyEjh,203.19000244140625,188.68499755859375,"{'negative': 327.65540000000004, 'neutral': 329.1583000000004, 'positive': 294.1315000000002}",2025-04-04T21:55:59.110765,72
NVDA,1.8981217069195495,lFll8fW4muNrrP1OHXtI,115.43000030517578,117.62100219726562,"{'negative': 226.40670000000006, 'neutral': 207.3585999999999, 'positive': 252.9984999999998}",2025-03-19T17:01:59.349944,56
AAPL,0.23888448813228752,nqefQy6XWhGIyY9ji1mA,213.49000549316406,214.0,"{'negative': 225.9094999999999, 'neutral': 247.53580000000014, 'positive': 225.82690000000005}",2025-03-17T21:55:48.747675,54
NVO,-1.0500211475582832,VxkToUCJd4gP0ZXNjW7I,90.94999694824219,89.99500274658203,"{'negative': 115.9263, 'neutral': 216.07609999999963, 'positive': 68.5411}",2025-02-26T18:04:22.354461,35
NVDA,-6.105137098876231,tNbRcA5NegMGHGAjyZ0e,114.33000183105469,107.3499984741211,"{'negative': 336.8204000000003, 'neutral': 315.7914000000001, 'positive': 330.1542}",2025-04-10T21:56:08.562360,78
MSFT,-1.0115674468692575,gzpsEOGRFYWxscLByIPI,357.8599853515625,354.239990234375,"{'negative': 298.2393000000003, 'neutral': 289.1769000000001, 'positive': 382.46510000000046}",2025-04-08T21:56:14.513981,76
MSFT,0.15641853210582715,vwmiugbRiPFZgo7tka6M,389.9700012207031,390.5799865722656,"{'negative': 243.3464, 'neutral': 249.60290000000003, 'positive': 333.08620000000025}",2025-03-27T22:12:02.041884,64
MSFT,-0.013079304181017569,fSsBdEEPUgGaCFFz0YQE,382.19000244140625,382.1400146484375,"{'negative': 267.87210000000005, 'neutral': 270.69500000000005, 'positive': 358.8703000000003}",2025-04-02T23:03:08.381917,70
TSLA,5.935622106796519,CG9PZHtrzdkjViy3HV77,237.97000122070312,252.09500122070312,"{'negative': 434.42250000000007, 'neutral': 533.5938000000006, 'positive': 210.76589999999985}",2025-04-23T21:55:35.117493,90
AAPL,2.791126862381601,hGy9d2IJysXZqsF4ihDz,199.74000549316406,205.31500244140625,"{'negative': 419.23520000000025, 'neutral': 411.8651000000005, 'positive': 345.59270000000004}",2025-04-23T21:55:44.685994,90
AAPL,0.0,i1r0Tqh7OTE9367YJQsO,,,"{'negative': 95.73349999999999, 'neutral': 106.67100000000002, 'positive': 101.16280000000005}",2025-02-19T11:39:16.550525,20
AAPL,1.9039570427104382,cAuZFHR8Q1osJbG1PJhZ,236.8699951171875,241.37989807128906,"{'negative': 75.46270000000001, 'neutral': 71.30499999999999, 'positive': 67.04249999999998}",2025-02-13T21:56:08.788583,14
NVO,1.552344897198998,rBpW2uRBTV2iBblEuh2t,89.22000122070312,90.6050033569336,"{'negative': 128.5385, 'neutral': 245.1820999999995, 'positive': 76.20649999999998}",2025-02-28T21:56:11.300203,37
AAPL,-3.8587133052881812,bV5O5VrNau4SNDI6MSPM,202.13999938964844,194.33999633789062,"{'negative': 372.7805000000002, 'neutral': 385.5712000000004, 'positive': 329.1355000000002}",2025-04-16T21:55:59.175137,84
NVDA,0.7679907850233934,Hlp3VjONhBKpLXzEstoC,123.69999694824219,124.6500015258789,"{'negative': 3.6894, 'neutral': 5.4971000000000005, 'positive': 9.1066}",2025-01-31T12:08:51.993055,1
NVDA,18.411209933202,nFNyigUkbjgESfGkZcDt,96.30000305175781,114.02999877929688,"{'negative': 328.2751000000003, 'neutral': 310.62420000000003, 'positive': 328.35360000000003}",2025-04-09T21:56:21.164082,77
NVDA,3.03212657741687,Ml2M34OvhJD8RCHyTHpy,124.83000183105469,128.61500549316406,"{'negative': 31.73070000000001, 'neutral': 38.967999999999996, 'positive': 50.5101}",2025-02-06T21:56:01.576229,7
NVDA,-3.6742894303966946,ChEw89HMd7JH3I8Ky9XV,124.6500015258789,120.06999969482422,"{'negative': 7.254, 'neutral': 14.194800000000003, 'positive': 14.5835}",2025-02-01T01:45:36.039402,2
NVO,2.0871591536571215,4zMPk1IRxTbDaAkzLgRP,65.16000366210938,66.5199966430664,"{'negative': 307.76240000000024, 'neutral': 626.5650999999998, 'positive': 237.75270000000003}",2025-04-30T21:56:20.699060,90
AAPL,1.2710666748373705,eyCqTVKWRnCgYeygMklu,241.52999877929688,244.60000610351562,"{'negative': 81.19709999999999, 'neutral': 89.21660000000001, 'positive': 78.6866}",2025-02-17T21:55:45.916791,18
NVDA,0.6320512172783461,72hkI2dQOtqyJjoIbrdi,139.22999572753906,140.11000061035156,"{'negative': 111.23849999999999, 'neutral': 94.15869999999993, 'positive': 145.67390000000006}",2025-02-20T22:31:45.379992,29
MSFT,0.3278964016598114,biqQyBFG6dTI5B3CopLP,414.7699890136719,416.1300048828125,"{'negative': 102.99069999999993, 'neutral': 105.45269999999998, 'positive': 153.57750000000004}",2025-02-20T22:31:37.417837,29
NVO,2.219999723655714,DYtk3NQ2sw2hMGgQJsfI,59.90999984741211,61.2400016784668,"{'negative': 294.02230000000026, 'neutral': 592.4619999999999, 'positive': 214.98989999999995}",2025-04-23T21:56:12.250341,90
NVDA,1.8106179783115806,mLW3BIrQKIs95t1LNUeF,115.43000030517578,117.5199966430664,"{'negative': 228.06250000000006, 'neutral': 214.47949999999992, 'positive': 259.7530999999999}",2025-03-20T07:30:45.553759,57
MSFT,0.03603424164022088,CKMMuDMdHeQYdqLtaLHe,388.55999755859375,388.70001220703125,"{'negative': 207.46010000000004, 'neutral': 199.64579999999998, 'positive': 278.15810000000016}",2025-03-17T21:55:57.533358,54
AAPL,0.33118142422452707,uetjqy7V6kgxm3Q21zZH,232.47000122070312,233.23989868164062,"{'negative': 43.09780000000001, 'neutral': 35.9131, 'positive': 45.448599999999985}",2025-02-06T21:55:45.834511,7
AAPL,1.9091343637602982,71yqN9WdE5EHOxiYHDnd,217.89999389648438,222.05999755859375,"{'negative': 297.78830000000005, 'neutral': 303.6174000000004, 'positive': 276.86380000000014}",2025-03-31T21:55:50.927661,68
NVDA,1.5224225573846566,u6JPw5V6QhCRFv2BlVRo,108.37999725341797,110.02999877929688,"{'negative': 277.95140000000015, 'neutral': 281.8599000000001, 'positive': 300.62190000000004}",2025-04-01T21:56:19.086907,69
AAPL,-0.529641033522759,ew9LKMJL5sAI0xQUyxKS,215.24000549316406,214.10000610351562,"{'negative': 253.3830999999998, 'neutral': 260.0256000000001, 'positive': 239.10710000000006}",2025-03-20T21:55:55.945338,57
AAPL,1.3717986449391317,4IBL7f2NxIoGu5XeSnOq,194.27000427246094,196.93499755859375,"{'negative': 380.5372000000002, 'neutral': 392.69960000000043, 'positive': 332.8877000000001}",2025-04-17T22:05:45.308529,85
MSFT,1.0077755691152106,DxSk0BTQ0uoCHIrsGq3H,383.5199890136719,387.385009765625,"{'negative': 209.12710000000004, 'neutral': 206.6864999999999, 'positive': 286.3555000000002}",2025-03-19T17:01:50.679583,56
NVO,-1.334803159520327,RmA6O52yZPE6Bm4FNxbU,90.6500015258789,89.44000244140625,"{'negative': 133.38569999999999, 'neutral': 256.3429999999996, 'positive': 77.06289999999997}",2025-03-03T21:56:19.375409,40
NVDA,3.034921264345548,x07MipDjk5rDynTWNzTp,131.13999938964844,135.1199951171875,"{'negative': 66.17560000000002, 'neutral': 63.758500000000005, 'positive': 80.26250000000003}",2025-02-13T21:56:24.424948,14
TSLA,0.0,tDqw7q1wMDEgS651iM7X,,,"{'negative': 101.739, 'neutral': 103.55379999999998, 'positive': 78.18260000000004}",2025-02-19T11:35:34.662273,20
MSFT,1.8958910064334593,oFovMhtUfdbySNxe41Yc,381.3500061035156,388.5799865722656,"{'negative': 310.65130000000045, 'neutral': 305.1073000000002, 'positive': 408.0740000000005}",2025-04-11T21:56:11.533466,79
AAPL,-0.10983373487768855,oaXurrL9u6AYkF5CAAjQ,245.8300018310547,245.55999755859375,"{'negative': 120.91860000000003, 'neutral': 140.95760000000004, 'positive': 132.42810000000003}",2025-02-21T21:55:49.816558,30
AAPL,-0.18616216208205214,lCL1GgpS2l4e8UiBlRSN,247.10000610351562,246.63999938964844,"{'negative': 128.56480000000005, 'neutral': 153.11320000000003, 'positive': 146.6035}",2025-02-25T21:55:46.498238,34
MSFT,1.2314636772171281,URdx6xxoGLgrt0tRsABM,397.8999938964844,402.79998779296875,"{'negative': 123.20969999999993, 'neutral': 126.95119999999999, 'positive': 182.0602000000001}",2025-02-26T18:04:06.119956,35
MSFT,0.2762735238687182,MBMu71winAFG4UvcfJp7,387.29998779296875,388.3699951171875,"{'negative': 363.00840000000034, 'neutral': 366.57290000000046, 'positive': 454.2643000000007}",2025-04-25T15:31:05.431225,90
NVDA,5.269074443165764,5LzlhnwpCv3NTVrY28hR,115.58000183105469,121.66999816894531,"{'negative': 211.36669999999998, 'neutral': 192.80959999999993, 'positive': 245.74909999999983}",2025-03-14T21:57:25.214870,51
AAPL,1.3949613401343217,gzQQ837ExQPBW1c7kNGZ,194.27000427246094,196.97999572753906,"{'negative': 392.5632000000002, 'neutral': 396.21040000000045, 'positive': 334.7925000000002}",2025-04-18T21:55:55.137902,86
MSFT,0.529158736363534,tPxdataUQ9u4XnWWI8Zu,393.0799865722656,395.1600036621094,"{'negative': 232.18710000000004, 'neutral': 237.99890000000002, 'positive': 319.1483000000003}",2025-03-26T07:33:59.845877,63
NVDA,-1.5794688426907586,k1rjZOQtLV39AJFiIKr6,111.43000030517578,109.66999816894531,"{'negative': 263.901, 'neutral': 266.51589999999993, 'positive': 294.2262999999999}",2025-03-28T21:56:05.499425,65
TSLA,3.872126686335801,dSm0yrrKIJilP4PLczn9,259.1600036621094,269.19500732421875,"{'negative': 326.98309999999987, 'neutral': 396.82760000000025, 'positive': 177.16099999999992}",2025-04-01T21:55:49.470442,69
AAPL,1.3538708603435108,T2omj2KasVzHAeM7WFLd,241.52999877929688,244.8000030517578,"{'negative': 75.46270000000001, 'neutral': 82.20450000000001, 'positive': 73.1598}",2025-02-14T21:56:05.583925,15
NVO,2.5458541900193974,B6nmHLs94Zl5kfCcG90v,58.33000183105469,59.814998626708984,"{'negative': 292.24070000000023, 'neutral': 580.9279999999998, 'positive': 211.39989999999995}",2025-04-22T21:56:18.737533,90
NVO,-1.9801266584923156,GVkqYbboZf6tZ1rbZgYO,69.44000244140625,68.06500244140625,"{'negative': 237.3384000000001, 'neutral': 440.74459999999993, 'positive': 142.19709999999992}",2025-04-01T21:56:29.084224,69
NVDA,5.351873908519156,QYhFRyvnwqUkroIfbv0X,118.6500015258789,125.0,"{'negative': 21.662100000000002, 'neutral': 25.675200000000004, 'positive': 39.8851}",2025-02-05T22:06:04.813957,6
MSFT,2.584684327925595,ZIGdX6Cu7MAWcBqGOIE7,378.7699890136719,388.55999755859375,"{'negative': 201.6532, 'neutral': 194.18999999999997, 'positive': 270.7703000000001}",2025-03-14T21:57:02.840091,51
NVO,0.40403862477142094,4vh0zr24G3kLlM07B4hG,69.30000305175781,69.58000183105469,"{'negative': 232.39200000000017, 'neutral': 433.7048, 'positive': 137.23379999999992}",2025-03-31T21:56:18.931649,68
NVDA,-7.53119178081633,sMCmOjULpMNRX77YNgAJ,112.19999694824219,103.75,"{'negative': 352.60450000000026, 'neutral': 349.4174000000002, 'positive': 347.883}",2025-04-16T21:56:23.900984,84
NVDA,-2.4893178255083654,P2hDxUeI2tma6qu7KwsT,134.42999267578125,131.08360290527344,"{'negative': 116.59889999999999, 'neutral': 108.89839999999994, 'positive': 159.96329999999998}",2025-02-24T21:56:03.207155,33
NVDA,3.15208734924491,LjUdEeUcBYfndwQQEMIj,117.69999694824219,121.41000366210938,"{'negative': 245.10490000000007, 'neutral': 234.98969999999983, 'positive': 274.60609999999986}",2025-03-24T21:56:11.785040,61
NVDA,0.24511723951540082,vQrunwjeU8XDOYsgV9Z5,110.1500015258789,110.41999816894531,"{'negative': 284.6217000000002, 'neutral': 287.2493, 'positive': 307.0054}",2025-04-02T23:03:17.225990,70
TSLA,-5.580626179068929,9ZG4Ok1fRaY6cI29iMGV,288.1400146484375,272.05999755859375,"{'negative': 297.98529999999994, 'neutral': 365.13860000000017, 'positive': 168.08159999999995}",2025-03-27T07:13:18.317301,64
MSFT,-1.876816732019395,0yL6XocCXJGIz68qUTPX,416.1300048828125,408.32000732421875,"{'negative': 106.76429999999993, 'neutral': 111.16379999999998, 'positive': 161.59830000000008}",2025-02-21T21:55:57.835643,30
TSLA,4.2989005623282965,imYf9Ppjn44DLpPmeTUK,227.5,237.27999877929688,"{'negative': 431.05029999999994, 'neutral': 526.0320000000006, 'positive': 204.42119999999986}",2025-04-22T21:55:40.840265,90
NVO,-1.9906307144770092,herKlRzfPBDkjppXhk3D,76.86000061035156,75.33000183105469,"{'negative': 198.89570000000003, 'neutral': 396.40319999999997, 'positive': 124.0263999999999}",2025-03-24T21:56:21.035053,61
MSFT,0.6522121487436825,SqxsPjgbdciunuHF4dAD,394.0400085449219,396.6099853515625,"{'negative': 379.2501000000005, 'neutral': 387.8773000000004, 'positive': 469.2755000000007}",2025-04-30T21:56:01.857646,90
NVDA,2.6313940380302414,E3I4lR5JsIXyKvsa9PZS,135.2899932861328,138.85000610351562,"{'negative': 78.90909999999998, 'neutral': 72.3865, 'positive': 93.79050000000001}",2025-02-17T21:56:01.606446,18
TSLA,-2.9412628946742627,55CaxfFXnmDm2z40R6SD,290.79998779296875,282.2467956542969,"{'negative': 176.74609999999998, 'neutral': 196.66019999999992, 'positive': 124.03090000000002}",2025-02-27T21:55:43.804087,36
NVDA,1.359404991295902,XlolD4aDxmFwvvo6HxIN,110.70999908447266,112.21499633789062,"{'negative': 347.9330000000002, 'neutral': 338.95530000000014, 'positive': 345.5642000000001}",2025-04-15T21:56:10.003096,83
MSFT,-0.578030956378877,IueNBUbvaBV4wy5foBZx,359.8399963378906,357.760009765625,"{'negative': 293.4185000000002, 'neutral': 285.64770000000004, 'positive': 372.6024000000005}",2025-04-07T21:56:14.822568,75
AAPL,2.4249346871443755,4cLqIQ2bWfmC4GKgdbxm,198.14999389648438,202.9550018310547,"{'negative': 365.48560000000015, 'neutral': 368.33080000000035, 'positive': 319.83900000000017}",2025-04-14T21:55:51.055770,82
NVDA,1.6638612109199469,5PXoZYjaCVm6zueLBlnc,106.9800033569336,108.76000213623047,"{'negative': 199.83479999999994, 'neutral': 166.99040000000002, 'positive': 229.0412999999999}",2025-03-11T21:56:09.293707,48
TSLA,3.5218982961028633,afLpdYVJit4bCcmKSMh7,281.95001220703125,291.8800048828125,"{'negative': 183.0572, 'neutral': 205.21719999999996, 'positive': 126.16910000000003}",2025-02-28T21:55:39.675721,37
NVDA,0.26670953479219217,YaCPV8ajMpJZNF6p8DYU,108.7300033569336,109.0199966430664,"{'negative': 402.6576000000003, 'neutral': 416.42660000000035, 'positive': 374.23039999999975}",2025-04-29T22:00:42.636746,90
NVO,3.8057163783482144,AXqqLzYwLB65XVmCL6i3,87.5,90.83000183105469,"{'negative': 143.0662, 'neutral': 278.1432999999997, 'positive': 79.55059999999997}",2025-03-05T21:56:40.671442,42
NVDA,0.0,AdgNEa60qpvCuhqqeuMK,,,"{'negative': 96.10799999999999, 'neutral': 84.16069999999995, 'positive': 117.28550000000003}",2025-02-19T11:39:33.590496,20
NVDA,2.819949325343588,jOY7kERH55zAjxQ2yeMJ,135.2899932861328,139.1051025390625,"{'negative': 72.00160000000001, 'neutral': 68.78689999999999, 'positive': 87.52950000000003}",2025-02-14T21:56:25.536991,15
NVO,0.0,hbsNePh9OVYb84GMC1IE,,,"{'negative': 83.22279999999998, 'neutral': 135.30530000000002, 'positive': 33.453500000000005}",2025-02-19T09:30:19.185417,20
AAPL,1.1270405492856361,4y1DhAnrZYDkfOtS2IZT,218.27000427246094,220.72999572753906,"{'negative': 269.7762, 'neutral': 267.8836000000002, 'positive': 250.62220000000005}",2025-03-24T21:55:53.055217,61
TSLA,5.326685079977633,GyXb4vPgS3RkgE6pHFKi,268.4599914550781,282.760009765625,"{'negative': 333.5205999999998, 'neutral': 403.66190000000034, 'positive': 181.15799999999993}",2025-04-02T23:02:49.934989,70
MSFT,-0.4821936332120898,n8LajnNsLcKrzmOJqJpn,387.80999755859375,385.94000244140625,"{'negative': 317.6002000000004, 'neutral': 320.0152000000002, 'positive': 421.6076000000007}",2025-04-15T21:56:00.675852,83
NVDA,3.057457615844697,001txeNuvbi9oiF58Aet,129.83999633789062,133.80979919433594,"{'negative': 47.34950000000001, 'neutral': 45.31930000000001, 'positive': 64.35960000000001}",2025-02-10T21:57:30.509695,11
TSLA,-0.028096337256189038,W26AxuHfoIllkxuDtSlF,355.94000244140625,355.8399963378906,"{'negative': 87.32000000000001, 'neutral': 88.88600000000004, 'positive': 69.67890000000001}",2025-02-17T21:55:37.426102,18
TSLA,-10.382370595157859,NNcmtJdRqCzIPnoC154w,267.2799987792969,239.52999877929688,"{'negative': 353.1285999999997, 'neutral': 413.5714000000004, 'positive': 186.43509999999992}",2025-04-04T21:55:49.030650,72
NVO,0.902057896386238,601ViAdADUA7Btz7GCsN,62.08000183105469,62.63999938964844,"{'negative': 299.5512000000002, 'neutral': 611.2818, 'positive': 225.5357}",2025-04-28T21:56:29.747498,90
NVDA,-1.116985952925793,70plSpOKswak5M0ZrfN5,109.66999816894531,108.44499969482422,"{'negative': 268.6883000000001, 'neutral': 276.3310000000002, 'positive': 297.8352}",2025-03-31T21:56:09.789910,68
NVDA,-2.8710882011035133,5nB4KUXHnclZRmdvyrrd,104.48999786376953,101.48999786376953,"{'negative': 371.2482000000002, 'neutral': 365.1874000000001, 'positive': 348.77540000000005}",2025-04-18T21:56:14.092040,86
TSLA,5.476803702991631,zCyNhgj57lSN0cfdRHen,336.510009765625,354.94000244140625,"{'negative': 71.277, 'neutral': 82.03420000000001, 'positive': 55.7981}",2025-02-13T21:56:00.870587,14
MSFT,0.0,YWXREIVhSB0jtpUCYuVO,,,"{'negative': 86.62069999999997, 'neutral': 93.48529999999997, 'positive': 126.23709999999996}",2025-02-19T11:39:25.154433,20
TSLA,-0.0013460863439797616,91NPXltvK52b7YNs94Iv,355.94000244140625,355.9352111816406,"{'negative': 77.00220000000002, 'neutral': 85.47170000000001, 'positive': 64.9379}",2025-02-14T21:55:55.320271,15
NVDA,6.4177966076132185,rULuHnEgOqf3IMpxVUUT,108.76000213623047,115.73999786376953,"{'negative': 202.72759999999994, 'neutral': 178.79339999999993, 'positive': 232.7903999999999}",2025-03-12T21:56:12.549595,49
AAPL,1.3681893403326655,DwSP1CBqrGdZnksMKZZV,220.72999572753906,223.75,"{'negative': 272.6954, 'neutral': 276.1034000000002, 'positive': 257.32500000000005}",2025-03-26T07:33:49.111022,63
NVDA,1.6716490103909656,6lSxXeZsdHuZS6CSZR6Q,96.91000366210938,98.52999877929688,"{'negative': 384.69110000000035, 'neutral': 380.94110000000006, 'positive': 356.9304}",2025-04-22T21:56:09.315408,90
NVO,-7.665393786496469,DocrcayfVz7Gp9lrMW2J,62.880001068115234,58.060001373291016,"{'negative': 284.95240000000024, 'neutral': 547.9112999999996, 'positive': 201.1119}",2025-04-17T22:06:13.499189,85
MSFT,-0.5833156431662625,xO4L3EjgcuD50egJktMi,411.44000244140625,409.0400085449219,"{'negative': 54.023999999999994, 'neutral': 64.27569999999999, 'positive': 76.17590000000001}",2025-02-13T00:28:38.574641,14
NVDA,-0.59303286301426,DmwAlNossLsbrDdUfLzg,121.41000366210938,120.69000244140625,"{'negative': 246.05210000000005, 'neutral': 243.2909999999998, 'positive': 281.95219999999983}",2025-03-26T07:34:10.735495,63
NVO,0.0,Se849K85rstoIN8EApJ7,,,"{'negative': 96.66309999999997, 'neutral': 162.3718999999999, 'positive': 43.4414}",2025-02-19T11:48:48.784234,20
NVDA,0.1644301900366545,3DowPLTVSam6esUrNH2d,106.43000030517578,106.6050033569336,"{'negative': 393.9919000000002, 'neutral': 394.86830000000015, 'positive': 369.68629999999985}",2025-04-25T15:31:15.268069,90
TSLA,-3.206506133599354,6tFz9avXzsJCBjJajMgT,374.32000732421875,362.3174133300781,"{'negative': 47.67199999999999, 'neutral': 51.7262, 'positive': 40.4784}",2025-02-07T21:55:31.277247,8
TSLA,-5.85407876284009,7W7sxRMKGbUtB3tby4hC,241.3699951171875,227.24000549316406,"{'negative': 421.8340999999999, 'neutral': 518.5598000000007, 'positive': 203.67109999999985}",2025-04-21T21:55:50.036295,89
MSFT,0.5735219288628737,Kchel4YxZ4c82V6DWKD4,409.75,412.1000061035156,"{'negative': 44.5924, 'neutral': 50.4165, 'positive': 64.29440000000001}",2025-02-10T21:57:20.531791,11
AAPL,0.4524330805978384,0tbRtzyOEufWrheNKAr8,222.1300048828125,223.13499450683594,"{'negative': 304.4951000000001, 'neutral': 309.11030000000034, 'positive': 283.11710000000016}",2025-04-01T21:55:59.386332,69
AAPL,-9.082588221583325,ILWB8EMmZWssLxGAHI89,223.88999938964844,203.55499267578125,"{'negative': 317.0511000000001, 'neutral': 322.8445000000004, 'positive': 293.4121000000002}",2025-04-03T21:55:47.816053,71
NVDA,-0.13823745953681915,eiORuNYYcfG8HdCO9mCj,115.73999786376953,115.58000183105469,"{'negative': 207.58069999999998, 'neutral': 188.37719999999993, 'positive': 236.29269999999985}",2025-03-13T21:56:54.591602,50
TSLA,-0.0745220170962869,KhONOXnbbE7ZGg5MzHAO,241.5500030517578,241.3699951171875,"{'negative': 416.72019999999986, 'neutral': 507.39760000000075, 'positive': 202.82839999999987}",2025-04-18T21:55:45.996364,86
TSLA,-1.192587885207041,GBJZkzFdjDqXK5ZrcfsZ,378.1700134277344,373.6600036621094,"{'negative': 43.8256, 'neutral': 42.8039, 'positive': 34.86870000000001}",2025-02-06T21:55:37.462127,7
TSLA,-6.507858321802122,P5hptMBAyk5otKxIRfzm,350.7300109863281,327.9049987792969,"{'negative': 59.1449, 'neutral': 63.99640000000001, 'positive': 51.457800000000006}",2025-02-11T21:56:04.406475,12
TSLA,-4.788383640805242,qUXDcUN7XQ5SkmWwVZXt,249.97999572753906,238.00999450683594,"{'negative': 255.44299999999996, 'neutral': 313.5282999999999, 'positive': 142.1038}",2025-03-17T21:55:39.739516,54
NVDA,4.3906645321472375,PCrKfjIBSX7TH9UwI1Jp,126.62999725341797,132.1898956298828,"{'negative': 129.93929999999995, 'neutral': 121.49629999999992, 'positive': 168.02659999999997}",2025-02-26T18:04:14.275070,35
TSLA,0.5191192894429257,R3KmD8laHbnipIFwn8rf,252.35000610351562,253.66000366210938,"{'negative': 395.7260999999999, 'neutral': 478.94150000000076, 'positive': 199.67339999999993}",2025-04-15T21:55:41.372324,83
MSFT,-6.180905018390372,8WPpmsdItrKyAWpGx7k9,442.3299865722656,414.989990234375,"{'negative': 5.3607, 'neutral': 4.153, 'positive': 8.278400000000001}",2025-01-31T12:08:44.319339,1
TSLA,0.0,EsRrselptLIAEVcW1ZFL,,,"{'negative': 95.0155, 'neutral': 95.35050000000003, 'positive': 74.41330000000002}",2025-02-19T09:29:40.173949,20
AAPL,0.0,0NdNVJHa9SSpbFEkYpL0,,,"{'negative': 99.60730000000002, 'neutral': 112.1851, 'positive': 109.97380000000005}",2025-02-19T11:47:37.718561,20
NVO,2.8640978613615697,yoMxkDedhaq4Csurb2Oi,88.08000183105469,90.60269927978516,"{'negative': 109.824, 'neutral': 197.89689999999976, 'positive': 59.963000000000015}",2025-02-24T21:56:11.356022,33
TSLA,-0.48617665358937884,Lz62mxjtfTd26XdHYXhY,355.8399963378906,354.1099853515625,"{'negative': 121.90950000000001, 'neutral': 128.16369999999995, 'positive': 89.49050000000003}",2025-02-19T11:51:16.441430,20
MSFT,-3.5231887462270364,Cx0CZbcchrLOUwfuGDEM,385.7300109863281,372.1400146484375,"{'negative': 321.0054000000004, 'neutral': 329.12290000000013, 'positive': 426.50070000000073}",2025-04-16T21:56:12.299705,84
MSFT,-1.6225229395498142,912jkRpCjSjviiWERQcD,404.0,397.44500732421875,"{'negative': 119.10269999999993, 'neutral': 122.21429999999998, 'positive': 173.30460000000005}",2025-02-25T21:55:54.242801,34
MSFT,0.01686964164586519,ue1TXj2uDGu9QPL7nhqI,414.989990234375,415.05999755859375,"{'negative': 10.356900000000001, 'neutral': 9.8767, 'positive': 14.6745}",2025-02-01T01:45:27.286361,2
AAPL,1.5892599600832207,bS8icPBahmYzdWXKT177,235.3300018310547,239.07000732421875,"{'negative': 184.89920000000004, 'neutral': 212.0964000000001, 'positive': 192.04450000000008}",2025-03-08T00:16:26.610594,45
AAPL,15.543442371167348,zNS4YFsrAyz4nIg8Uygq,172.4199981689453,199.22000122070312,"{'negative': 346.5542000000001, 'neutral': 350.7917000000003, 'positive': 306.1030000000001}",2025-04-09T21:55:59.827559,77
MSFT,1.1211979645716943,Iw4W3hWVUlSOM9WS6KyC,383.5199890136719,387.82000732421875,"{'negative': 210.09870000000004, 'neutral': 214.93559999999997, 'positive': 293.4226000000002}",2025-03-20T07:30:36.701663,57
NVDA,-0.7002462158125495,KiqIY36hQnhADMY1Bciw,118.52999877929688,117.69999694824219,"{'negative': 235.73770000000005, 'neutral': 231.25579999999982, 'positive': 269.28229999999985}",2025-03-21T21:56:01.466240,58
TSLA,4.68243893572197,N55N3oM28qnvmIauV9nS,225.30999755859375,235.86000061035156,"{'negative': 270.8335000000001, 'neutral': 328.41929999999996, 'positive': 147.94119999999995}",2025-03-20T07:30:18.576042,57
NVDA,3.6721168970517324,jnvTf0CfuZNpo8Vpjip3,126.62999725341797,131.27999877929688,"{'negative': 136.96199999999993, 'neutral': 126.64149999999992, 'positive': 172.6883}",2025-02-27T09:41:33.950822,36
AAPL,-0.9921793165153632,d5npHiJkEMSP2CHRt2Wu,223.75,221.52999877929688,"{'negative': 277.4623, 'neutral': 282.8797000000002, 'positive': 263.0543000000001}",2025-03-27T07:13:27.710630,64
AAPL,0.8403928980926623,X6Ux1TRxhzGgCgAgs0b8,211.2100067138672,212.98500061035156,"{'negative': 444.4793000000002, 'neutral': 439.0595000000007, 'positive': 363.6411}",2025-04-30T21:55:52.519077,90
NVO,-2.540754287984149,7Fu7MEml5aGmFQVPXltM,73.5999984741211,71.7300033569336,"{'negative': 213.63230000000004, 'neutral': 411.04549999999995, 'positive': 128.09599999999992}",2025-03-27T07:13:53.743910,64
MSFT,0.7362728438105591,Sdmgd9u69kNjB6AwER5B,391.1600036621094,394.0400085449219,"{'negative': 373.42900000000037, 'neutral': 383.1128000000004, 'positive': 463.2002000000006}",2025-04-29T22:00:33.060504,90
TSLA,22.83872623706337,pi64pEXJRjbAuO2puH8R,221.86000061035156,272.5299987792969,"{'negative': 371.4418999999997, 'neutral': 442.9599000000006, 'positive': 190.48889999999992}",2025-04-09T21:55:48.912596,77
NVDA,-9.121835422744319,ds5Yw4IoMdoM6hHRPhps,124.91999816894531,113.5250015258789,"{'negative': 154.86169999999993, 'neutral': 137.16619999999986, 'positive': 196.38139999999993}",2025-03-03T21:56:10.601726,40
AAPL,0.39204750806964195,U7FJT37JwrPg4x8nZCZh,244.8699951171875,245.8300018310547,"{'negative': 115.09560000000002, 'neutral': 133.32690000000005, 'positive': 127.69590000000007}",2025-02-20T22:31:29.392167,29
NVO,0.4076694624341519,BlR8GhZg4XAOdlvB8Jzn,83.4000015258789,83.73999786376953,"{'negative': 103.72749999999999, 'neutral': 180.86529999999985, 'positive': 50.7172}",2025-02-20T22:31:54.627752,29
NVDA,-2.0481731604263262,tqynGOPjizkkEjGxIBSA,113.76000213623047,111.43000030517578,"{'negative': 257.4002, 'neutral': 257.7168999999999, 'positive': 292.42650000000003}",2025-03-27T22:12:10.773135,64
NVDA,3.044062466421479,iTHQ5ga0KddD2CtDrpJF,107.56999969482422,110.84449768066406,"{'negative': 343.3734000000003, 'neutral': 320.6928000000002, 'positive': 334.8755}",2025-04-11T21:56:22.000937,79
NVO,-1.7411751094829377,nzLatpZ8IkDaWQwGc8XQ,80.9800033569336,79.56999969482422,"{'negative': 177.47440000000006, 'neutral': 360.30039999999997, 'positive': 113.36609999999993}",2025-03-19T17:02:08.472891,56
NVDA,0.0,stbMgTfiJn7deXl62ukp,,,"{'negative': 83.34459999999997, 'neutral': 76.93569999999997, 'positive': 102.1357}",2025-02-19T09:30:09.349751,20
AAPL,1.8170607356296813,hqrbGatxl7GuAw5dVtDQ,209.67999267578125,213.49000549316406,"{'negative': 217.22809999999993, 'neutral': 242.90710000000007, 'positive': 220.34480000000005}",2025-03-14T21:56:40.914890,51
MSFT,3.205017256202542,2vJyWJZwaleDscGJ3xsi,388.6099853515625,401.06500244140625,"{'negative': 160.7221, 'neutral': 153.70100000000005, 'positive': 226.1608000000001}",2025-03-05T21:56:23.198198,42
AAPL,-0.14175336199687208,O5G6o7tO5WikTTnf2tvz,232.8000030517578,232.47000122070312,"{'negative': 35.8997, 'neutral': 32.441300000000005, 'positive': 38.16669999999999}",2025-02-05T22:06:55.436881,6
AAPL,2.110699786249595,xn82mbcpHAWYUwaD1kRU,227.64999389648438,232.4550018310547,"{'negative': 64.01929999999999, 'neutral': 56.586199999999984, 'positive': 57.284099999999974}",2025-02-11T21:56:12.206181,12
TSLA,4.646931487352359,1xXzUPbRQNrGmFo9dijI,225.30999755859375,235.77999877929688,"{'negative': 261.20980000000003, 'neutral': 323.30519999999996, 'positive': 144.80899999999997}",2025-03-19T17:01:32.211716,56
AAPL,1.0472655337889916,IIPskd8zf1RUtPUyf5FB,221.52999877929688,223.85000610351562,"{'negative': 282.31570000000005, 'neutral': 291.51410000000027, 'positive': 267.6594000000001}",2025-03-27T22:11:52.957005,64
TSLA,5.269623506518376,p3Zu03oaU1QfOdqJGF5U,236.25999450683594,248.7100067138672,"{'negative': 286.17800000000005, 'neutral': 341.49090000000007, 'positive': 153.40909999999997}",2025-03-21T21:55:34.245175,58
NVO,-0.9693716169012841,ytptmJbcmQ2ypCLj66EB,87.16999816894531,86.32499694824219,"{'negative': 42.590500000000006, 'neutral': 70.53239999999998, 'positive': 18.5065}",2025-02-07T21:56:00.666562,8
TSLA,2.4280903506054994,cVxDxhOWEWReGcdHawhA,272.0400085449219,278.6453857421875,"{'negative': 205.4579, 'neutral': 227.37579999999997, 'positive': 135.0163}",2025-03-05T21:56:04.416279,42
MSFT,1.7235329792094485,z8cB8ChXcwHz2E7naoZX,375.3900146484375,381.8599853515625,"{'negative': 263.10200000000003, 'neutral': 265.62850000000003, 'positive': 350.6767000000004}",2025-04-01T21:56:09.096104,69
MSFT,2.287220970322858,TqrH5YjSeBenwJYXrkry,366.82000732421875,375.2099914550781,"{'negative': 356.76060000000035, 'neutral': 360.28960000000035, 'positive': 448.8731000000007}",2025-04-23T21:55:53.793453,90
TSLA,-3.5797094243459178,9Txo0QN7j2vxu2LMboBN,392.2099914550781,378.1700134277344,"{'negative': 31.016899999999996, 'neutral': 32.4985, 'positive': 22.941100000000002}",2025-02-05T22:05:42.476224,6
NVO,-6.153015023426192,MWwN8X98N1fmen6vF2SD,65.08999633789062,61.084999084472656,"{'negative': 259.08570000000003, 'neutral': 507.6534999999999, 'positive': 179.10389999999995}",2025-04-10T21:56:17.682684,78
TSLA,-3.5074934714529418,G3vAIGc44OpqTR4cGSVg,273.1300048828125,263.54998779296875,"{'negative': 310.3027999999999, 'neutral': 380.0808000000001, 'positive': 175.09689999999995}",2025-03-28T21:55:38.719271,65
NVDA,-4.464575334991618,b5PJk8Enhmp7gXqBHYdB,101.48999786376953,96.95890045166016,"{'negative': 375.96730000000025, 'neutral': 373.53260000000006, 'positive': 354.46810000000005}",2025-04-21T21:56:20.858269,89
TSLA,-1.623979881440564,90px9VLteYgzEHKYAhzQ,263.54998779296875,259.2699890136719,"{'negative': 314.81299999999993, 'neutral': 391.24020000000013, 'positive': 176.23619999999994}",2025-03-31T21:55:41.102868,68
TSLA,-1.5026380371189711,jijhPkNUaYJlx0GF6DnG,302.79998779296875,298.25,"{'negative': 167.9208, 'neutral': 177.32109999999997, 'positive': 118.93210000000003}",2025-02-26T18:03:49.410946,35
TSLA,0.38246456629865594,gJf0nPiVI9gg8HQEb8WT,252.30999755859375,253.27499389648438,"{'negative': 391.1290999999999, 'neutral': 470.8192000000007, 'positive': 195.07839999999993}",2025-04-14T21:55:41.365025,82
MSFT,0.010210168252825261,Hb5L0E5xv0s8DadG2WhK,391.8500061035156,391.8900146484375,"{'negative': 368.7534000000004, 'neutral': 376.20910000000043, 'positive': 456.65720000000067}",2025-04-28T21:56:09.662551,90
MSFT,1.1425947341478244,kuGg6xWoAWa39UWuDJF5,386.8399963378906,391.260009765625,"{'negative': 219.63760000000005, 'neutral': 230.58950000000007, 'positive': 303.21650000000017}",2025-03-21T21:55:52.360301,58
MSFT,-2.1903033741352393,5hbK8qO4c8ku9It2zHFi,382.1400146484375,373.7699890136719,"{'negative': 278.1490000000002, 'neutral': 275.09370000000007, 'positive': 362.6619000000004}",2025-04-03T21:55:57.738706,71
NVDA,1.705809875965119,s9apvSHuLqv0gdW1lRgO,116.66000366210938,118.6500015258789,"{'negative': 21.662100000000002, 'neutral': 18.3718, 'positive': 30.859400000000008}",2025-02-04T22:12:09.698593,5
NVDA,-7.205310897817828,YySLFd3mCnNUjGP5cAsM,101.80000305175781,94.46499633789062,"{'negative': 308.06330000000014, 'neutral': 293.7704999999999, 'positive': 312.97700000000003}",2025-04-04T21:56:18.566458,72
NVO,-1.2178092885626057,eW1Gl8g0TVj57BiVgyve,78.83000183105469,77.87000274658203,"{'negative': 78.74269999999999, 'neutral': 126.28310000000009, 'positive': 30.1242}",2025-02-17T21:56:09.549810,18
NVO,-4.250415655974575,ZArOQLyCBzFJovHDJzNs,78.11000061035156,74.79000091552734,"{'negative': 160.06590000000003, 'neutral': 324.3570999999999, 'positive': 98.73479999999994}",2025-03-12T21:56:22.201648,49
TSLA,-4.472152025894431,qz1i5iKawVtItWikPOQg,284.6499938964844,271.9200134277344,"{'negative': 195.4552, 'neutral': 221.27369999999996, 'positive': 133.13600000000002}",2025-03-04T21:55:41.962682,41
AAPL,-1.7478720677234871,jjXiMhWiqWS98xb8TKsq,220.83999633789062,216.97999572753906,"{'negative': 204.66179999999994, 'neutral': 231.27240000000012, 'positive': 208.73290000000006}",2025-03-12T21:55:53.418756,49
NVDA,2.588716396592474,cEAwtT6uUj0pWWep1WZk,116.66000366210938,119.68000030517578,"{'negative': 14.4585, 'neutral': 16.707, 'positive': 22.438600000000005}",2025-02-04T17:51:27.939221,5
NVDA,-2.1079217388119,8dVhVybeDOyrjFoFpp7E,111.01000213623047,108.66999816894531,"{'negative': 398.7054000000003, 'neutral': 406.5643000000002, 'positive': 371.2357999999998}",2025-04-28T21:56:19.690017,90
TSLA,-7.758785575343771,l9RRJ7WCV1iQmTkfoKVl,272.20001220703125,251.08059692382812,"{'negative': 376.9992999999997, 'neutral': 451.05200000000053, 'positive': 193.7204999999999}",2025-04-10T21:55:40.192264,78
TSLA,-5.469913476283125,z6oG7t4hXcv3bBs7lgDa,254.11000061035156,240.2104034423828,"{'negative': 403.15069999999986, 'neutral': 486.2984000000008, 'positive': 201.9009999999999}",2025-04-16T21:55:46.757508,84
NVDA,-2.9781987179712415,mEuJZpGiF5vEZVHxHtVt,130.27999877929688,126.4000015258789,"{'negative': 121.9219, 'neutral': 116.37619999999991, 'positive': 163.93879999999996}",2025-02-25T21:56:01.981367,34
TSLA,1.4315425987790618,mf2i5NHBRTfBtzX5K8fX,259.510009765625,263.2250061035156,"{'negative': 436.2071, 'neutral': 547.1943000000005, 'positive': 213.49449999999985}",2025-04-25T15:30:44.150446,90
MSFT,0.3528622705323948,DjmgND4C2aG5UK9wDQvW,410.9200134277344,412.3699951171875,"{'negative': 18.933499999999995, 'neutral': 19.7809, 'positive': 31.322199999999995}",2025-02-04T22:11:59.148306,5
NVO,-6.810729953424308,28OBUusCjEADSIvcdwcu,67.0999984741211,62.529998779296875,"{'negative': 247.50680000000006, 'neutral': 468.3862, 'positive': 157.64539999999994}",2025-04-04T21:56:28.276369,72
NVO,1.6603006277034384,TikChjAxk3LIRqfvaecJ,75.88999938964844,77.1500015258789,"{'negative': 169.30870000000002, 'neutral': 342.06339999999994, 'positive': 105.23819999999992}",2025-03-14T21:57:46.279799,51
MSFT,1.2523128068035632,yLmwvROPOJXkxaXr9ioi,409.6400146484375,414.7699890136719,"{'negative': 96.30759999999994, 'neutral': 102.65879999999997, 'positive': 144.6327}",2025-02-20T09:06:44.236032,29
NVO,0.30868600358782294,v50K1xtaFsaUQXS4Uyq5,68.02999877929688,68.23999786376953,"{'negative': 240.7480000000001, 'neutral': 449.63899999999995, 'positive': 147.27409999999995}",2025-04-02T23:03:26.096680,70
NVDA,1.854292072974632,Why9mdF5cUwhxGkQ9DYj,114.05999755859375,116.17500305175781,"{'negative': 161.92949999999996, 'neutral': 140.0528999999999, 'positive': 203.38239999999993}",2025-03-04T21:56:08.371587,41
MSFT,0.0,fA6bLPA8yE6T36nVdbdD,,,"{'negative': 91.47539999999995, 'neutral': 98.07369999999997, 'positive': 135.68739999999997}",2025-02-19T11:47:57.744197,20
TSLA,0.1695895427157138,XyP3wWKl3VIUt3rLxPpy,235.86000061035156,236.25999450683594,"{'negative': 278.4662000000001, 'neutral': 334.3774, 'positive': 152.00759999999994}",2025-03-20T21:55:46.513563,57
NVO,-2.910205326239167,auV5sBhm6itSM04Xe1X9,86.41999816894531,83.90499877929688,"{'negative': 51.38630000000003, 'neutral': 77.3592, 'positive': 20.3857}",2025-02-10T21:57:40.010503,11
MSFT,-0.9600458060473996,nGrm63rdlo6bQyTwQhVE,401.0199890136719,397.1700134277344,"{'negative': 166.43789999999998, 'neutral': 159.67890000000003, 'positive': 232.43820000000005}",2025-03-06T21:55:56.063003,43
MSFT,0.0,Nhonvfz5p6swK2469cFk,,,"{'negative': 76.91129999999997, 'neutral': 84.30849999999998, 'positive': 107.33649999999997}",2025-02-19T09:29:58.721366,20
AAPL,-3.982908315130472,yNqIgkwgXrIep5BMPKaf,198.85000610351562,190.92999267578125,"{'negative': 353.5564000000001, 'neutral': 355.1160000000004, 'positive': 311.3100000000001}",2025-04-10T21:55:49.966041,78
NVO,-2.11480287743498,qkQtX3k6z1ntVaxnjvMu,89.37000274658203,87.4800033569336,"{'negative': 138.23289999999997, 'neutral': 267.55749999999966, 'positive': 77.91929999999998}",2025-03-04T21:56:17.076590,41
NVDA,0.0,zwlCysxi3Z5UDi2ISTsg,,,"{'negative': 102.48969999999998, 'neutral': 87.77319999999992, 'positive': 124.86040000000003}",2025-02-19T11:48:24.307701,20
NVO,-3.4255190541852456,fZLoLBxJ8BAESKAfgaQk,63.63999938964844,61.459999084472656,"{'negative': 251.3590000000001, 'neutral': 490.05559999999997, 'positive': 168.0397999999999}",2025-04-08T21:56:35.497584,76
TSLA,2.1512501019458745,k5pg7Q51C5cBs6OTk6Dw,285.8800048828125,292.0299987792969,"{'negative': 448.5103, 'neutral': 584.8439000000004, 'positive': 215.76729999999986}",2025-04-29T22:00:13.179966,90
TSLA,0.47025663466792444,ilgGKmuocpc557FRZAMR,284.95001220703125,286.2900085449219,"{'negative': 444.80019999999996, 'neutral': 572.8736000000004, 'positive': 214.44959999999986}",2025-04-28T21:55:49.656410,90
NVDA,0.8594300247455446,HnDVoNhpFn6ZPHZUIxWv,117.5199966430664,118.52999877929688,"{'negative': 229.31810000000004, 'neutral': 224.53759999999986, 'positive': 264.88169999999985}",2025-03-20T21:56:14.142191,57
MSFT,0.46515789020473597,WAK2pTUZDyK6cw8fBR5V,391.260009765625,393.0799865722656,"{'negative': 226.39800000000002, 'neutral': 232.44240000000002, 'positive': 312.2449000000002}",2025-03-24T21:56:02.623210,61
NVDA,-3.8826653470190147,s8pP7lEs0KN3QqwBQPoD,140.11000061035156,134.6699981689453,"{'negative': 113.1856, 'neutral': 103.23389999999996, 'positive': 151.9044}",2025-02-21T21:56:05.966757,30
AAPL,1.6139914798986836,U9w7BXzFeWyM2zmxIje4,237.3000030517578,241.1300048828125,"{'negative': 158.75849999999997, 'neutral': 180.18840000000006, 'positive': 160.01350000000002}",2025-02-28T21:55:47.879754,37
NVDA,-7.872485664665094,2j9dvgZdHRptLFULB3E2,131.27999877929688,120.94499969482422,"{'negative': 143.2448999999999, 'neutral': 128.39309999999992, 'positive': 180.79169999999993}",2025-02-27T21:56:10.364409,36
NVO,-1.042886603984164,YIZK1QyR1z7ssYJqUfMe,85.33999633789062,84.44999694824219,"{'negative': 4.7897, 'neutral': 21.1393, 'positive': 8.2102}",2025-02-01T01:45:44.838220,2
AAPL,-3.556647220175621,LgJ3vnXmaPmqYH8GleVX,188.3800048828125,181.67999267578125,"{'negative': 334.2062000000001, 'neutral': 334.0199000000004, 'positive': 300.5071000000001}",2025-04-07T21:56:04.034816,75
MSFT,-0.5139610818003244,wuOknNLZ0GPquCEiR3fg,410.5400085449219,408.42999267578125,"{'negative': 73.99919999999997, 'neutral': 79.72009999999999, 'positive': 96.3749}",2025-02-17T21:55:53.801652,18
NVO,-0.988190297063697,IhNCNh8djg4mjvJ4Sv0N,88.04000091552734,87.16999816894531,"{'negative': 149.8521, 'neutral': 297.62799999999976, 'positive': 86.31919999999997}",2025-03-08T00:16:54.526240,45
NVO,0.0,exMWtKm3RhOiclUmQUYu,,,"{'negative': 87.70289999999999, 'neutral': 144.32749999999996, 'positive': 36.78280000000001}",2025-02-19T11:36:08.610903,20
AAPL,1.1989294383784261,bvrjpq6mgncnRu87mkzZ,212.69000244140625,215.24000549316406,"{'negative': 248.90689999999984, 'neutral': 255.5673000000002, 'positive': 230.71550000000008}",2025-03-20T07:30:27.996209,57
AAPL,0.6801051306007538,l7DcfVEBvioUUVKmvygS,245.5500030517578,247.22000122070312,"{'negative': 124.79520000000007, 'neutral': 144.97390000000004, 'positive': 142.77490000000003}",2025-02-24T21:55:46.460240,33
MSFT,-0.25269737708731277,YDqKBSwAK6xtCFBeOjXE,387.82000732421875,386.8399963378906,"{'negative': 216.80530000000005, 'neutral': 221.96269999999998, 'positive': 297.4582000000002}",2025-03-20T21:56:05.144400,57
TSLA,-5.262205707110383,PSAp6n4lMbphJcFq0MZr,233.2899932861328,221.0137939453125,"{'negative': 366.88849999999974, 'neutral': 434.78620000000046, 'positive': 186.43509999999992}",2025-04-08T21:55:52.438424,76
MSFT,9.951772310771819,0HoQcOf9iwTQ1ZkAKyfp,354.55999755859375,389.8450012207031,"{'negative': 302.63780000000025, 'neutral': 294.79060000000004, 'positive': 390.26070000000044}",2025-04-09T21:56:10.704633,77
NVO,4.0162939112813,ey6JMnbDnpaZXQ3Nii1m,62.619998931884766,65.13500213623047,"{'negative': 303.1710000000003, 'neutral': 620.3139999999997, 'positive': 230.7454}",2025-04-29T22:00:52.110830,90
NVDA,-1.9561614549921198,VWjWS9aZvlxiESDaMFv0,97.63999938964844,95.7300033569336,"{'negative': 322.1203000000003, 'neutral': 308.1768, 'positive': 320.58389999999986}",2025-04-08T21:56:24.926244,76
TSLA,-2.978261478650185,Nbj9YdKJb1IteVfvMAzu,361.6199951171875,350.8500061035156,"{'negative': 54.296299999999995, 'neutral': 57.0714, 'positive': 46.723}",2025-02-10T21:57:02.326372,11
TSLA,-0.4001139935552774,FcHSakhwNGTtPbRbbYrO,252.39999389648438,251.39010620117188,"{'negative': 384.70709999999985, 'neutral': 459.5968000000007, 'positive': 194.32729999999992}",2025-04-11T21:55:50.504103,79
TSLA,-3.316204078646464,7Aiwq400WSATM2yNPUiW,239.42999267578125,231.49000549316406,"{'negative': 360.22519999999975, 'neutral': 423.63810000000046, 'positive': 186.43509999999992}",2025-04-07T21:55:52.516973,75
MSFT,-0.02058909477110834,zxwIS3fFyryUQSHVQkv4,388.489990234375,388.4100036621094,"{'negative': 153.3947, 'neutral': 149.33470000000005, 'positive': 219.7216000000001}",2025-03-04T21:55:59.967638,41
MSFT,0.374046241769733,Fk3R6xlo6BZZvwpspC3u,409.0400085449219,410.57000732421875,"{'negative': 61.75139999999999, 'neutral': 67.91529999999999, 'positive': 83.58759999999997}",2025-02-13T21:56:16.449051,14
TSLA,1.0792463618949595,l4CE6LrbY5a2WV1Q9Uua,400.2799987792969,404.6000061035156,"{'negative': 12.1272, 'neutral': 13.329899999999997, 'positive': 9.4298}",2025-02-01T01:45:11.396913,2
NVO,-2.296566195250512,sdV1Wkg7AJRfZNzh8G3L,75.33000183105469,73.5999984741211,"{'negative': 206.26399999999998, 'neutral': 404.18160000000006, 'positive': 125.6712999999999}",2025-03-26T07:34:23.792996,63
NVO,-3.2027334828983505,JH2wU7wDOLSgupALoG9u,90.86000061035156,87.94999694824219,"{'negative': 146.2708, 'neutral': 288.3526999999997, 'positive': 82.93489999999997}",2025-03-06T21:56:14.332912,43
NVO,1.55896415283122,j8TMsROAkiX8ISN9DjR7,84.02999877929688,85.33999633789062,"{'negative': 1.9199000000000002, 'neutral': 10.968500000000002, 'positive': 4.1051}",2025-01-31T12:08:59.526196,1
TSLA,-5.6108933427615995,zzlXzyHsRBYRuFQ9vXYM,279.1000061035156,263.44000244140625,"{'negative': 216.80919999999998, 'neutral': 232.73299999999995, 'positive': 136.8606}",2025-03-06T21:55:37.447376,43
NVO,-1.225770475288636,HE0IxZ7uhGNizmP2epOl,70.16000366210938,69.30000305175781,"{'negative': 227.44560000000013, 'neutral': 425.74589999999995, 'positive': 132.9453999999999}",2025-03-28T21:56:14.298360,65
NVO,-0.21451590670953893,xnQoHmcK57hJDwQIeSM8,83.91000366210938,83.7300033569336,"{'negative': 59.36600000000001, 'neutral': 84.6597, 'positive': 22.2649}",2025-02-11T21:56:34.439002,12
AAPL,-2.0865065993993004,gnOotBDVjCDuOtIztEWC,196.97999572753906,192.8699951171875,"{'negative': 402.2594000000002, 'neutral': 398.8899000000004, 'positive': 340.23150000000015}",2025-04-21T21:56:00.460737,89
MSFT,-2.4840538636166127,w5oqZLcyJ0aycyVtB5DF,390.489990234375,380.7900085449219,"{'negative': 304.56300000000033, 'neutral': 299.45040000000006, 'positive': 401.73240000000055}",2025-04-10T21:55:59.399257,78
AAPL,-0.11867875555849898,aYBwI78aClsNqRj8tWVn,235.92999267578125,235.64999389648438,"{'negative': 173.0781, 'neutral': 199.63440000000014, 'positive': 180.47890000000012}",2025-03-05T21:56:14.085027,42
NVO,-2.1887628904905925,1BTJUqrtSRyhJKWCyx1R,71.7300033569336,70.16000366210938,"{'negative': 220.0520000000001, 'neutral': 418.7405, 'positive': 130.52069999999992}",2025-03-27T22:12:19.769326,64
TSLA,3.5022807884516642,LSciQWGerd2Ujs9k2nDR,278.3900146484375,288.1400146484375,"{'negative': 295.12710000000004, 'neutral': 355.78940000000017, 'positive': 163.64959999999994}",2025-03-26T07:33:39.373615,63
AAPL,-1.5113293229587363,lvaP13xEkJaukCx1JGSD,241.83999633789062,238.18499755859375,"{'negative': 163.50249999999994, 'neutral': 185.6559000000001, 'positive': 168.2437000000001}",2025-03-03T21:55:52.914380,40
AAPL,-2.7040126527384505,QBAba1rmN8XK0J2ITMUz,247.0399932861328,240.36000061035156,"{'negative': 144.0364, 'neutral': 166.21370000000005, 'positive': 153.62220000000002}",2025-02-27T09:41:17.294666,36
AAPL,-0.3815319804073541,Ma66UTuHkOdJL0BGjlBT,208.3699951171875,207.5749969482422,"{'negative': 424.4340000000003, 'neutral': 419.8585000000007, 'positive': 350.3210000000001}",2025-04-25T15:30:55.180478,90
AAPL,-2.658035311502189,p4HFbkyLidhNieiuc9MH,223.85000610351562,217.89999389648438,"{'negative': 290.99830000000014, 'neutral': 297.5994000000003, 'positive': 271.2140000000001}",2025-03-28T21:55:47.749017,65
NVDA,-0.031554730021705224,Z04CC68tJ9BklqaVOePj,110.93000030517578,110.8949966430664,"{'negative': 345.31640000000027, 'neutral': 329.8127000000001, 'positive': 341.3969}",2025-04-14T21:56:09.746580,82
NVO,1.6213686401728322,83BPwSeB1NppY80P0sS9,85.7300033569336,87.12000274658203,"{'negative': 34.799800000000005, 'neutral': 65.45429999999996, 'positive': 13.9806}",2025-02-06T21:56:09.233592,7
NVO,-2.3841916537238745,MaawEqgbHElDbZnfMBxC,66.05999755859375,64.48500061035156,"{'negative': 275.7738000000002, 'neutral': 531.7238, 'positive': 191.7821}",2025-04-15T21:56:19.313779,83
NVDA,1.9173399226130852,RSF7BT1ZsRQGlwE0NCqC,110.56999969482422,112.69000244140625,"{'negative': 187.84339999999995, 'neutral': 150.5606, 'positive': 220.9465999999999}",2025-03-08T00:16:44.234811,45
MSFT,-0.48716323826479313,xHPw8rduyproiVThCF56,410.5400085449219,408.5400085449219,"{'negative': 67.55389999999998, 'neutral': 73.39579999999997, 'positive': 90.92179999999996}",2025-02-14T21:56:15.628738,15
NVO,-2.3286326701542253,s4GyguDpRSf87Q1hdTwE,83.73999786376953,81.79000091552734,"{'negative': 67.69690000000003, 'neutral': 92.79090000000002, 'positive': 23.205000000000002}",2025-02-13T00:28:53.343629,14
AAPL,0.16361676053793925,rLrjwvnp2E8hMYH1fMbT,244.47000122070312,244.8699951171875,"{'negative': 108.30120000000004, 'neutral': 125.54520000000001, 'positive': 123.91050000000007}",2025-02-20T09:06:36.506450,29
NVO,0.0,vShUpDQqStbYzpOCAg8X,,,"{'negative': 92.18299999999999, 'neutral': 153.3496999999999, 'positive': 40.1121}",2025-02-19T11:39:42.226536,20
TSLA,0.0,QnCoKVH7gyQ4kdxU9LDG,,,"{'negative': 115.18600000000002, 'neutral': 119.96039999999995, 'positive': 85.72120000000004}",2025-02-19T11:47:21.075117,20
AAPL,-4.847957184759568,Nx91gMoQJJxjFM1ayKjC,239.07000732421875,227.47999572753906,"{'negative': 192.1612, 'neutral': 218.5831000000001, 'positive': 196.78400000000013}",2025-03-10T21:55:43.266743,47
TSLA,11.933580126800528,nxu8t4p4Ne3VrfoYOcQA,248.7100067138672,278.3900146484375,"{'negative': 292.56360000000006, 'neutral': 350.0418000000001, 'positive': 154.96549999999993}",2025-03-24T21:55:43.593134,61
NVDA,-2.933290147070109,895IkmMG8U97kan0DQCQ,104.48999786376953,101.42500305175781,"{'negative': 358.2212000000002, 'neutral': 360.5742000000001, 'positive': 348.77540000000005}",2025-04-17T22:06:04.038927,85
NVDA,-0.3164498274918403,jTWgnAhH8bU48bHobe4g,109.0199966430664,108.67500305175781,"{'negative': 409.1969000000003, 'neutral': 423.5032000000002, 'positive': 378.7994999999997}",2025-04-30T21:56:11.402673,90
TSLA,2.873295425445699,xkOXO0rxPcLzUiMZReow,389.1000061035156,400.2799987792969,"{'negative': 7.917900000000001, 'neutral': 5.373199999999999, 'positive': 3.8592999999999997}",2025-01-31T12:08:28.055207,1
NVO,-1.5393006525124826,w6dAK5h4JZZ0osqhTXVw,90.94999694824219,89.55000305175781,"{'negative': 120.90809999999999, 'neutral': 224.29249999999954, 'positive': 71.71889999999999}",2025-02-27T09:41:41.970491,36
NVO,5.302128677659349,sAwYc16RmL8vVXNmxEV0,83.73999786376953,88.18000030517578,"{'negative': 107.2597, 'neutral': 188.7220999999998, 'positive': 55.340100000000014}",2025-02-21T21:56:13.910201,30
NVO,5.081176883677121,DLtP0p65oTHCydT0mMj8,61.599998474121094,64.7300033569336,"{'negative': 254.2578000000001, 'neutral': 499.3069999999999, 'positive': 174.17059999999995}",2025-04-09T21:56:31.573737,77
TSLA,-2.9868208196581967,5q5OsdWTdDS0zt8WOZd0,248.08999633789062,240.67999267578125,"{'negative': 246.05039999999997, 'neutral': 288.64449999999994, 'positive': 140.6341}",2025-03-13T21:56:28.508059,50
NVO,-1.7878095822023123,c89KwkoiXI93JjZyEQf0,68.23999786376953,67.0199966430664,"{'negative': 243.64390000000012, 'neutral': 458.50380000000007, 'positive': 153.27049999999994}",2025-04-03T21:56:17.544899,71
MSFT,-2.2377538239285593,x5STYBa3MsZqZqFhv2GN,367.7799987792969,359.54998779296875,"{'negative': 340.10870000000034, 'neutral': 350.0849000000002, 'positive': 439.49880000000087}",2025-04-21T21:56:10.709292,89
NVDA,3.7656252569721644,NDFOxIlbM0qViNFSWGdc,120.1500015258789,124.67440032958984,"{'negative': 147.83859999999996, 'neutral': 132.8485999999999, 'positive': 189.77700000000002}",2025-02-28T21:56:03.225814,37
NVO,-1.1150645841830062,PZoaZlJSVXqJx3HwGMxs,78.83000183105469,77.95099639892578,"{'negative': 75.8787, 'neutral': 116.2126000000001, 'positive': 25.915}",2025-02-14T21:56:35.485338,15
AAPL,-0.6692185539787618,lZB3mZXpEWOK05isS486,237.58999633789062,236.0,"{'negative': 11.450700000000001, 'neutral': 10.960700000000001, 'positive': 13.9843}",2025-02-01T01:45:20.011554,2
MSFT,-1.4140745464967022,0uR5NvmKYaY7blPfD9nA,415.82000732421875,409.94000244140625,"{'negative': 40.228100000000005, 'neutral': 41.291799999999995, 'positive': 60.0672}",2025-02-07T21:55:46.167794,8
NVO,3.764222351687373,iuPppaze56aDBA6NLdAI,82.62000274658203,85.7300033569336,"{'negative': 27.4947, 'neutral': 58.95309999999996, 'positive': 10.3938}",2025-02-05T22:07:16.389204,6
NVO,-2.4887573195874095,XmuOF8z8WjAW5nC3mtq0,64.48999786376953,62.8849983215332,"{'negative': 280.36310000000026, 'neutral': 539.9391999999998, 'positive': 196.44700000000003}",2025-04-16T21:56:34.074951,84
TSLA,-8.477290750356829,BAcgKlJNfgmk6fby23Kj,330.5299987792969,302.510009765625,"{'negative': 165.0387, 'neutral': 167.40149999999994, 'positive': 115.17580000000002}",2025-02-25T21:55:38.481281,34
NVO,0.3317216071805752,DU8lZd4RCf7NOCdk2Cd3,90.58999633789062,90.8905029296875,"{'negative': 112.38829999999999, 'neutral': 206.98169999999968, 'positive': 64.58590000000002}",2025-02-25T21:56:09.857647,34
AAPL,4.2301270938064555,Y1ZJ8oDE5QsoOX35Fg7T,190.4199981689453,198.47500610351562,"{'negative': 361.1308000000002, 'neutral': 361.6495000000004, 'positive': 313.91090000000014}",2025-04-11T21:56:01.223063,79
TSLA,-0.07037804462742497,rJcqXt4Ie4llnIuM0Nc7,241.5500030517578,241.3800048828125,"{'negative': 408.75529999999986, 'neutral': 497.7762000000008, 'positive': 202.82839999999987}",2025-04-17T22:05:35.775666,85
AAPL,2.100788851507238,ZbU0RqIAuOCk2vNR6AaV,228.00999450683594,232.8000030517578,"{'negative': 22.880900000000004, 'neutral': 19.688299999999995, 'positive': 29.494700000000005}",2025-02-04T22:11:48.684379,5
TSLA,0.0,wtVqVOP3m9YoFXQOybFm,,,"{'negative': 456.1733, 'neutral': 608.4284000000002, 'positive': 219.15539999999984}",2025-05-06T15:34:10.075799,90
NVO,1.2996473594400155,DQlygpdYObYWIIuSFM1z,82.33000183105469,83.4000015258789,"{'negative': 100.1953, 'neutral': 172.05839999999986, 'positive': 46.770700000000005}",2025-02-20T09:07:00.297511,29
AAPL,0.5091878401668345,mrr7Porxf1Fp8aE6tVqe,210.13999938964844,211.2100067138672,"{'negative': 436.47340000000025, 'neutral': 435.0570000000007, 'positive': 358.8372}",2025-04-29T22:00:23.407509,90
TSLA,-3.2903318612024184,vEoszpB5Babgob5dwJD4,292.9800109863281,283.3399963378906,"{'negative': 187.47519999999997, 'neutral': 215.9297, 'positive': 128.95010000000002}",2025-03-03T21:55:43.821716,40
AAPL,-5.12509793214237,jlw3zJl7FXToHT4X3hAC,181.4600067138672,172.16000366210938,"{'negative': 340.64290000000005, 'neutral': 342.56400000000036, 'positive': 303.1969000000001}",2025-04-08T21:56:03.871382,76
TSLA,-4.650107435826759,WsH6o5Rq9S7kbjaBeSDG,354.3999938964844,337.9200134277344,"{'negative': 148.8495, 'neutral': 156.44849999999997, 'positive': 107.46510000000004}",2025-02-21T21:55:41.582413,30
